censored_fraction,exact_n,observed_shift,predicted_shift
0.0741,50,0.1827,0.1379
0.4783,12,0.8243,0.6950
0.4167,7,0.7354,0.6089
0.0541,35,0.1213,0.1056
0.3333,20,0.5154,0.4965
0.2222,7,0.3729,0.3485
0.1818,9,0.4108,0.2938
0.0714,39,0.1084,0.1337
0.0400,24,0.0215,0.0817
0.3333,6,0.8007,0.4965
0.0056,176,0.0121,0.0148
0.4545,6,0.9077,0.6615
0.0588,32,0.1532,0.1134
0.8421,6,2.2260,1.3906
0.0741,25,0.0943,0.1379
0.0370,26,0.1452,0.0765
0.1071,25,0.2747,0.1881
0.0180,109,0.0395,0.0411
0.1379,25,0.1886,0.2327
0.1765,14,0.4213,0.2864
0.1212,29,0.2333,0.2087
0.0238,41,0.0285,0.0523
0.0222,44,0.0572,0.0493
0.1429,6,0.3574,0.2396
0.0588,32,0.1121,0.1134
0.2857,15,0.6585,0.4332
0.4706,9,0.3224,0.6841
0.4615,7,0.4998,0.6713
0.2308,20,0.3930,0.3600
0.0769,12,0.1025,0.1423
0.5833,5,1.3220,0.8525
0.0282,69,0.0760,0.0605
0.1905,17,0.3231,0.3056
0.1000,9,0.2620,0.1775
0.2692,19,0.6547,0.4113
0.0217,45,0.0672,0.0483
0.1818,9,0.4327,0.2938
0.0476,20,0.0994,0.0948
0.2500,6,0.4681,0.3857
0.4138,17,0.6227,0.6050
0.0500,38,0.1311,0.0988
0.2500,6,0.5729,0.3857
0.2656,47,0.5272,0.4065
0.4722,19,0.6348,0.6864
0.1212,29,0.2323,0.2087
0.6000,6,1.0128,0.8792
0.6316,7,1.0858,0.9316
0.2000,8,0.2821,0.3186
0.2353,13,0.7158,0.3661
0.3043,32,0.5585,0.4579
0.0303,32,0.0978,0.0644
0.2381,32,0.4489,0.3698
0.1212,29,0.2425,0.2087
0.5882,7,1.0213,0.8603
0.5882,7,0.9919,0.8603
0.0909,10,0.1219,0.1638
0.2727,8,0.3223,0.4159
0.0667,14,0.1795,0.1261
0.2500,15,0.4830,0.3857
0.1000,36,0.2831,0.1775
0.0476,40,0.1188,0.0948
0.0357,27,0.0845,0.0742
0.0476,20,0.0713,0.0948
0.1200,22,0.1947,0.2069
0.1538,11,0.3280,0.2551
0.1667,5,0.4158,0.2729
0.0714,13,0.1727,0.1337
0.2500,18,0.3741,0.3857
0.2683,30,0.3553,0.4100
0.1250,7,0.1996,0.2142
0.0870,21,0.2151,0.1578
0.1250,7,0.1941,0.2142
0.1176,15,0.3473,0.2035
0.2381,16,0.3403,0.3698
0.0500,19,0.0920,0.0988
0.1923,21,0.3769,0.3081
0.0476,20,0.0812,0.0948
0.1818,18,0.4021,0.2938
0.0208,47,0.0444,0.0466
0.3333,8,0.4187,0.4965
0.3158,13,0.4893,0.4731
0.0769,24,0.1911,0.1423
0.0851,43,0.2329,0.1550
0.0476,20,0.0743,0.0948
0.2424,25,0.4527,0.3756
0.1200,22,0.3519,0.2069
0.0769,12,0.1227,0.1423
0.0952,19,0.1635,0.1704
0.0278,35,0.0383,0.0598
0.2500,24,0.5346,0.3857
0.0714,13,0.1264,0.1337
0.1176,15,0.2600,0.2035
0.1333,13,0.1954,0.2261
0.0882,31,0.1529,0.1598
0.3158,13,0.5895,0.4731
0.1250,7,0.1564,0.2142
0.0588,16,0.1144,0.1134
0.2308,10,0.6355,0.3600
0.1667,15,0.2213,0.2729
0.0357,27,0.0685,0.0742
0.2143,11,0.4802,0.3379
0.1250,7,0.2123,0.2142
0.4762,11,0.9947,0.6921
0.3913,14,1.0278,0.5743
0.1429,6,0.1845,0.2396
0.0625,15,0.0714,0.1194
0.2500,45,0.3882,0.3857
0.0556,17,0.1726,0.1081
0.2667,11,0.3706,0.4079
0.6071,11,1.2703,0.8908
0.4074,16,0.7806,0.5962
0.3571,9,0.5762,0.5283
0.0667,14,0.1163,0.1261
0.2381,16,0.4419,0.3698
0.7273,6,1.3601,1.1091
0.3077,9,0.4977,0.4624
0.2727,8,0.2972,0.4159
0.1429,12,0.3126,0.2396
0.4286,8,1.2284,0.6253
0.3846,8,0.7630,0.5653
0.3333,10,0.5835,0.4965
0.2273,17,0.4810,0.3553
0.1000,9,0.3873,0.1775
0.0603,109,0.0849,0.1159
0.2500,9,0.4969,0.3857
0.3333,10,0.5033,0.4965
0.3529,11,0.6423,0.5227
0.0476,40,0.1063,0.0948
0.0455,21,0.1275,0.0911
0.1429,36,0.3242,0.2396
0.0833,11,0.1756,0.1522
0.0909,10,0.1456,0.1638
0.7368,5,0.9444,1.1290
0.1250,14,0.2312,0.2142
0.0526,18,0.1126,0.1032
0.0588,16,0.1459,0.1134
0.1667,10,0.3667,0.2729
0.2609,68,0.4292,0.4002
0.4444,10,0.9616,0.6473
0.0811,34,0.0898,0.1488
0.0769,12,0.0601,0.1423
0.0588,16,0.1218,0.1134
0.0833,22,0.1244,0.1522
0.2000,12,0.7776,0.3186
0.0513,37,0.1073,0.1010
0.4615,14,0.8352,0.6713
0.2857,5,0.5216,0.4332
0.3000,7,0.3043,0.4521
0.2667,11,0.6105,0.4079
0.3333,8,0.4702,0.4965
0.3214,19,0.4531,0.4806
0.0909,50,0.1535,0.1638
0.0789,35,0.1228,0.1455
0.0159,62,0.0337,0.0368
0.1111,8,0.2761,0.1940
0.2000,8,0.2835,0.3186
0.0571,33,0.0992,0.1107
0.4545,6,0.6328,0.6615
0.2308,20,0.3777,0.3600
0.4118,10,0.7485,0.6022
0.1429,6,0.2975,0.2396
0.1111,8,0.2321,0.1940
0.5294,8,0.8927,0.7696
0.0789,35,0.0952,0.1455
0.0566,50,0.0906,0.1098
0.4400,14,0.8501,0.6411
0.1538,11,0.4022,0.2551
0.0385,25,0.0545,0.0790
0.1111,8,0.2201,0.1940
0.0588,32,0.1623,0.1134
0.4000,6,1.1941,0.5861
0.1538,11,0.3538,0.2551
0.4390,23,1.0105,0.6398
0.1389,31,0.2190,0.2340
0.2000,24,0.5670,0.3186
0.1667,10,0.3008,0.2729
0.0625,15,0.1418,0.1194
0.0417,23,0.1063,0.0846
0.5517,13,0.8534,0.8033
0.2500,21,0.4065,0.3857
0.1111,8,0.3211,0.1940
0.0909,10,0.1925,0.1638
0.1538,11,0.4274,0.2551
0.1333,26,0.3482,0.2261
0.1818,18,0.3185,0.2938
0.1667,10,0.3052,0.2729
0.0968,28,0.3104,0.1727
0.0769,12,0.1810,0.1423
0.2727,16,0.4282,0.4159
0.5294,8,0.7196,0.7696
0.0278,35,0.0748,0.0598
0.0244,40,0.0660,0.0534
0.3043,16,0.5969,0.4579
0.2000,12,0.2058,0.3186
0.2000,8,0.3297,0.3186
0.1250,7,0.3914,0.2142
0.1429,6,0.1800,0.2396
0.6190,8,1.2981,0.9105
0.3958,29,0.8455,0.5805
0.5333,21,0.9713,0.7755
0.2143,11,0.4765,0.3379
0.1000,9,0.1873,0.1775
0.1667,20,0.2450,0.2729
0.2727,16,0.3645,0.4159
0.1000,45,0.1938,0.1775
0.1667,5,0.2589,0.2729
0.6000,6,1.1333,0.8792
0.5714,6,0.9427,0.8337
0.4545,6,0.9365,0.6615
0.1200,22,0.1800,0.2069
0.0667,14,0.0863,0.1261
0.0227,43,0.0645,0.0502
0.0417,23,0.1230,0.0846
0.0417,23,0.1201,0.0846
0.2222,7,0.4303,0.3485
0.0735,63,0.2082,0.1370
0.4737,10,0.7459,0.6885
0.0370,26,0.0869,0.0765
0.2857,5,0.2405,0.4332
0.3333,6,0.3948,0.4965
0.3636,14,0.8311,0.5370
0.0238,41,0.0465,0.0523
0.0526,36,0.0472,0.1032
0.1053,17,0.1441,0.1853
0.5238,10,1.3811,0.7613
0.1053,17,0.1584,0.1853
0.0625,30,0.1000,0.1194
0.4118,20,0.8697,0.6022
0.1071,50,0.2521,0.1881
0.1111,8,0.2354,0.1940
0.1111,8,0.3197,0.1940
0.1765,14,0.2815,0.2864
0.1818,9,0.3072,0.2938
0.1304,40,0.1982,0.2220
0.1200,44,0.1783,0.2069
0.2917,17,0.4102,0.4411
0.0323,30,0.0709,0.0680
0.2105,15,0.6875,0.3328
0.3429,23,0.7798,0.5092
0.2400,19,0.5223,0.3723
0.1538,11,0.2659,0.2551
0.0769,12,0.1838,0.1423
0.5455,5,1.2198,0.7937
0.0769,12,0.0848,0.1423
0.0938,29,0.2299,0.1681
0.1290,27,0.1336,0.2200
0.6800,8,1.5774,1.0173
0.2143,11,0.5328,0.3379
0.4737,10,0.5692,0.6885
0.1304,20,0.3149,0.2220
0.0667,14,0.2535,0.1261
0.0282,69,0.0632,0.0605
0.2000,12,0.4125,0.3186
0.0833,11,0.1628,0.1522
0.5333,7,1.4351,0.7755
0.5500,9,0.8530,0.8007
0.0526,18,0.1392,0.1032
0.2222,14,0.3961,0.3485
0.1852,22,0.3534,0.2984
0.3125,11,0.7495,0.4687
0.1111,16,0.1594,0.1940
0.0952,19,0.1141,0.1704
0.0833,22,0.1558,0.1522
0.3750,5,0.7039,0.5523
0.1667,20,0.3297,0.2729
0.0909,10,0.1499,0.1638
0.3333,8,0.3991,0.4965
0.3077,9,0.5070,0.4624
0.1111,8,0.3590,0.1940
0.0200,49,0.0508,0.0450
0.4545,6,0.7324,0.6615
0.5357,13,0.6093,0.7790
0.0625,15,0.0761,0.1194
0.7170,30,1.1310,1.0883
0.3333,6,0.5049,0.4965
0.0278,35,0.0590,0.0598
0.0667,14,0.1856,0.1261
0.0870,42,0.2832,0.1578
0.1250,7,0.2446,0.2142
0.0909,10,0.2882,0.1638
0.1538,11,0.3545,0.2551
0.0909,20,0.1442,0.1638
0.4444,5,0.7732,0.6473
0.1429,6,0.1946,0.2396
0.1667,5,0.4938,0.2729
0.0833,11,0.1934,0.1522
0.2500,6,0.5110,0.3857
0.4286,8,1.6849,0.6253
0.1667,20,0.2347,0.2729
0.0500,19,0.0754,0.0988
0.1667,10,0.3960,0.2729
0.1176,30,0.1777,0.2035
0.0176,167,0.0311,0.0403
0.6154,5,1.3492,0.9044
0.1111,24,0.2496,0.1940
0.1250,7,0.3734,0.2142
0.1000,9,0.2133,0.1775
0.0882,31,0.3354,0.1598
0.5357,26,0.8803,0.7790
0.2564,29,0.4448,0.3942
0.4348,13,1.1545,0.6339
0.3750,5,0.6941,0.5523
0.3636,7,0.4625,0.5370
0.0303,32,0.0384,0.0644
0.2273,17,0.3425,0.3553
0.0909,10,0.2267,0.1638
0.0667,14,0.1232,0.1261
0.2727,24,0.4896,0.4159
0.0714,13,0.1251,0.1337
0.5000,5,0.5930,0.7263
0.2439,31,0.6248,0.3776
0.3333,12,0.9286,0.4965
0.1000,27,0.2337,0.1775
0.3714,22,0.6402,0.5475
0.6111,7,1.2882,0.8974
0.1613,78,0.6099,0.2655
0.1111,8,0.1182,0.1940
0.0111,89,0.0268,0.0269
0.3182,15,0.4813,0.4763
0.2273,17,0.3205,0.3553
0.0625,15,0.1028,0.1194
0.1111,8,0.1739,0.1940
0.1667,10,0.2699,0.2729
0.3889,11,1.0537,0.5710
0.0588,16,0.0993,0.1134
0.1667,15,0.5327,0.2729
0.5000,5,0.7589,0.7263
0.2069,23,0.4711,0.3279
0.3333,26,1.0838,0.4965
0.2000,8,0.5597,0.3186
0.0556,17,0.0971,0.1081
0.1852,22,0.2361,0.2984
0.1923,21,0.3741,0.3081
0.3000,14,0.4359,0.4521
0.2179,61,0.4195,0.3428
0.5357,13,1.0429,0.7790
0.0952,19,0.1674,0.1704
0.0769,12,0.1998,0.1423
0.5455,5,0.9020,0.7937
0.1667,5,0.3944,0.2729
0.2800,18,0.5941,0.4256
0.5385,6,1.0857,0.7832
0.1333,52,0.3591,0.2261
0.1493,57,0.2420,0.2486
0.2941,48,0.6285,0.4443
0.3125,11,0.6964,0.4687
0.2500,9,0.5756,0.3857
0.6000,6,1.3633,0.8792
0.1600,21,0.2820,0.2637
0.4545,6,0.4559,0.6615
0.1754,47,0.4597,0.2850
0.0556,51,0.1034,0.1081
0.1250,21,0.2366,0.2142
0.1429,18,0.2136,0.2396
0.3846,8,0.5328,0.5653
0.3333,12,0.7748,0.4965
0.0833,22,0.1083,0.1522
0.1429,18,0.3074,0.2396
0.3208,36,0.6612,0.4797
0.1000,9,0.1393,0.1775
0.4583,13,0.9581,0.6668
0.1000,18,0.3885,0.1775
0.0263,37,0.0688,0.0570
0.1000,9,0.1792,0.1775
0.1250,21,0.1388,0.2142
0.0169,58,0.0601,0.0389
0.0105,94,0.0471,0.0256
0.0909,10,0.1889,0.1638
0.8864,5,1.4428,1.5417
0.0533,71,0.1570,0.1044
0.1000,9,0.1179,0.1775
0.0161,61,0.0468,0.0373
0.2000,8,0.2435,0.3186
0.6667,6,1.5054,0.9929
0.1111,8,0.1584,0.1940
0.1667,5,0.3914,0.2729
0.0263,37,0.0919,0.0570
0.3750,20,0.8740,0.5523
0.1522,39,0.2552,0.2527
0.3000,7,0.5107,0.4521
0.3000,14,0.5233,0.4521
0.0476,20,0.1113,0.0948
0.1176,15,0.2675,0.2035
0.0455,21,0.1075,0.0911
0.1667,15,0.4956,0.2729
0.1163,38,0.2616,0.2015
0.2000,16,0.3193,0.3186
0.2143,22,0.7981,0.3379
0.1000,18,0.2353,0.1775
0.3600,16,1.1257,0.5321
0.2143,11,0.3746,0.3379
0.2222,7,0.5824,0.3485
0.1111,8,0.2502,0.1940
0.1667,20,0.2402,0.2729
0.1818,9,0.3037,0.2938
0.0588,16,0.1253,0.1134
0.1250,21,0.2354,0.2142
0.0952,19,0.1570,0.1704
0.4211,11,0.6375,0.6149
0.1053,34,0.1923,0.1853
0.1154,23,0.1826,0.2002
0.1111,8,0.1792,0.1940
0.0769,12,0.1487,0.1423
0.0417,23,0.0826,0.0846
0.0952,19,0.0690,0.1704
0.4444,5,0.6138,0.6473
0.0556,17,0.1111,0.1081
0.0571,33,0.1421,0.1107
0.2188,25,0.3920,0.3439
0.1250,7,0.2077,0.2142
0.4800,13,0.7915,0.6975
0.0909,10,0.1852,0.1638
0.1500,17,0.3785,0.2497
0.5333,7,0.9879,0.7755
0.3333,10,0.4870,0.4965
0.0652,43,0.1484,0.1238
0.4545,6,0.4393,0.6615
0.0333,29,0.1135,0.0699
0.1563,27,0.2890,0.2584
0.5000,6,0.9454,0.7263
0.1500,17,0.3148,0.2497
0.0263,37,0.0602,0.0570
0.0571,33,0.1207,0.1107
0.5714,9,1.0344,0.8337
0.1111,40,0.2554,0.1940
0.0857,64,0.1610,0.1559
0.1667,5,0.1949,0.2729
0.1667,10,0.3141,0.2729
0.2857,5,0.4856,0.4332
0.4286,8,1.1655,0.6253
0.3636,14,0.4531,0.5370
0.2105,15,0.3210,0.3328
0.2381,16,0.3376,0.3698
0.0476,20,0.0434,0.0948
0.1563,27,0.1927,0.2584
0.1053,17,0.1912,0.1853
0.1667,5,0.3016,0.2729
0.0588,32,0.1596,0.1134
0.1111,8,0.1932,0.1940
0.0357,27,0.0677,0.0742
0.0571,33,0.0849,0.1107
0.3400,33,0.6459,0.5054
0.1000,27,0.2220,0.1775
0.3529,11,0.8514,0.5227
0.1667,5,0.2060,0.2729
0.1508,107,0.3610,0.2508
0.0167,59,0.0327,0.0384
0.2500,21,0.3673,0.3857
0.3714,22,0.9282,0.5475
0.0952,19,0.1560,0.1704
0.0164,60,0.0446,0.0378
0.0105,94,0.0339,0.0256
0.0192,51,0.0512,0.0435
0.0263,37,0.0435,0.0570
0.0263,37,0.0866,0.0570
0.1500,34,0.2873,0.2497
0.1250,28,0.2508,0.2142
0.4556,49,0.8988,0.6629
0.3446,97,0.6472,0.5115
0.0833,33,0.1272,0.1522
0.4762,11,0.6926,0.6921
0.0476,40,0.0813,0.0948
0.1034,26,0.1323,0.1826
0.0233,42,0.0377,0.0513
0.1765,14,0.2609,0.2864
0.5926,11,1.1217,0.8673
0.3333,6,0.6224,0.4965
0.0370,26,0.0832,0.0765
0.0667,14,0.0870,0.1261
0.7368,5,1.0645,1.1290
0.0105,94,0.0180,0.0256
0.0313,31,0.0397,0.0661
0.2727,24,0.6340,0.4159
0.1667,10,0.4151,0.2729
0.5435,21,0.9417,0.7907
0.0400,72,0.1235,0.0817
0.2257,175,0.4295,0.3532
0.2727,16,0.4442,0.4159
0.2500,45,0.4730,0.3857
0.2364,42,0.4971,0.3675
0.2667,11,0.5947,0.4079
0.2000,32,0.4212,0.3186
0.2381,64,0.4963,0.3698
0.1000,18,0.1846,0.1775
0.1000,27,0.3031,0.1775
0.0517,55,0.1432,0.1017
